43963883,ARCHIVADO
43963883,ARCHIVADO
43963883,ARCHIVADO
43963883,ARCHIVADO
43963883,ARCHIVADO
43963883,ARCHIVADO
43963883,ARCHIVADO
43963883,ARCHIVADO
43963883,ARCHIVADO
43963883,ARCHIVADO
34452826,ARCHIVADO
34452826,ARCHIVADO
34452826,ARCHIVADO
34452826,ARCHIVADO
14642590,ARCHIVADO
14642590,ARCHIVADO
14642590,ARCHIVADO
14642590,ARCHIVADO
14642590,ARCHIVADO
14642590,ARCHIVADO
14642590,ARCHIVADO
14642590,ARCHIVADO
14642590,ARCHIVADO
14642590,ARCHIVADO
14642590,ARCHIVADO
24266559,ARCHIVADO
24266559,ARCHIVADO
24266559,ARCHIVADO
24266559,ARCHIVADO
24266559,ARCHIVADO
24266559,ARCHIVADO
24266559,ARCHIVADO
24266559,ARCHIVADO
24266559,ARCHIVADO
24266559,ARCHIVADO
38852825,ARCHIVADO
48363880,ARCHIVADO
48363880,ARCHIVADO
48363880,ARCHIVADO
48363880,ARCHIVADO
48363880,ARCHIVADO
48363880,ARCHIVADO
48363880,ARCHIVADO
48363880,ARCHIVADO
48363880,ARCHIVADO
48363880,ARCHIVADO
48363880,ARCHIVADO
48363880,ARCHIVADO
48363880,ARCHIVADO
34452819,ARCHIVADO
34452819,ARCHIVADO
34452819,ARCHIVADO
34452819,ARCHIVADO
34452819,ARCHIVADO
34452819,ARCHIVADO
34452819,ARCHIVADO
34452819,ARCHIVADO
34452819,ARCHIVADO
34452819,ARCHIVADO
34452819,ARCHIVADO
34452819,ARCHIVADO
14642587,ARCHIVADO
14642587,ARCHIVADO
14642587,ARCHIVADO
14642587,ARCHIVADO
14642587,ARCHIVADO
14642587,ARCHIVADO
14642587,ARCHIVADO
14642587,ARCHIVADO
43963883,ARCHIVADO
43963883,ARCHIVADO
43963883,ARCHIVADO
43963883,ARCHIVADO
43963883,ARCHIVADO
43963883,ARCHIVADO
43963883,ARCHIVADO
43963883,ARCHIVADO
43963883,ARCHIVADO
43963883,ARCHIVADO
24266554,ARCHIVADO
24266554,ARCHIVADO
24266554,ARCHIVADO
24266554,ARCHIVADO
24266554,ARCHIVADO
24266554,ARCHIVADO
24266554,ARCHIVADO
24266554,ARCHIVADO
24266554,ARCHIVADO
24266554,ARCHIVADO
24266554,ARCHIVADO
24266554,ARCHIVADO
24266554,ARCHIVADO
24266554,ARCHIVADO
24266554,ARCHIVADO
24266554,ARCHIVADO
10242588,ARCHIVADO
23302839,ARCHIVADO
23302839,ARCHIVADO
23302839,ARCHIVADO
23302839,ARCHIVADO
23302839,ARCHIVADO
23302839,ARCHIVADO
23302839,ARCHIVADO
23302839,ARCHIVADO
23302839,ARCHIVADO
23302839,ARCHIVADO
34452824,ARCHIVADO
34452824,ARCHIVADO
34452824,ARCHIVADO
34452824,ARCHIVADO
34452824,ARCHIVADO
34452824,ARCHIVADO
34452824,ARCHIVADO
34452824,ARCHIVADO
38852826,ARCHIVADO
43963879,ARCHIVADO
43963879,ARCHIVADO
43963879,ARCHIVADO
43963879,ARCHIVADO
43963879,ARCHIVADO
43963879,ARCHIVADO
43963879,ARCHIVADO
43963879,ARCHIVADO
28666552,ARCHIVADO
28666552,ARCHIVADO
28666552,ARCHIVADO
28666552,ARCHIVADO
28666552,ARCHIVADO
28666552,ARCHIVADO
28666552,ARCHIVADO
28666552,ARCHIVADO
28666552,ARCHIVADO
28666552,ARCHIVADO
28666552,ARCHIVADO
28666557,ARCHIVADO
28666557,ARCHIVADO
28666557,ARCHIVADO
28666557,ARCHIVADO
28666557,ARCHIVADO
28666557,ARCHIVADO
28666557,ARCHIVADO
28666557,ARCHIVADO
28666557,ARCHIVADO
28666557,ARCHIVADO
28666557,ARCHIVADO
18902831,ARCHIVADO
10242590,ARCHIVADO
10242590,ARCHIVADO
28666555,ARCHIVADO
Nelda  Maness ARCHIVADO
Wiglas  Beals ARCHIVADO
Florentine  Saucier ARCHIVADO
Almonda  Jensen ARCHIVADO
Riko  Farrell ARCHIVADO
Kora  Oleary ARCHIVADO
Thorald  Cass ARCHIVADO
Galatus  Bean ARCHIVADO
Wigmar  Roney ARCHIVADO
Armgard  Sauls ARCHIVADO
Herwald  Farrow ARCHIVADO
Edelgard  Mallory ARCHIVADO
 Jimenez ARCHIVADO
