Merita ,Rose ,+54(148)88180260 ,Espanyol ,Hortensia ,Morrison ,42-106-6046 ,medicina_interna
Ilsabe ,Cope ,+54(545)16694194 ,OSDE ,Selina ,Gooden ,91-667-6172 ,neumologia
Fabrizius ,Coon ,+54(480)56628849 ,IOSFA ,Lloyd ,Drayton ,10-544-1336 ,gastroenterologia
Domenik ,Malley ,+54(525)65063831 ,OSDE ,Catharine ,Tanner ,56-707-9622 ,farmacologia_clinica
Terenz ,Beach ,+54(481)34818671 ,OSDE ,Katharyn ,Ziegler ,43-381-9419 ,psiquiatria
Dajana ,Malloy ,+54(260)85871313 ,Italiano ,Lina ,Childs ,38-753-2321 ,neumologia
Bringfriede ,Mancuso ,+54(923)11131337 ,Aleman ,Alexis ,Gonzalez ,46-148-9236 ,psiquiatria
Rimja ,Beall ,SIN_TELEFONO ,OSDE ,Rita ,Driscoll ,76-093-4361 ,neurologia
Xandrine ,Sauer ,SIN_TELEFONO ,OSDE ,Kathi ,Bernard ,12-566-1323 ,oncologia_medica
Haymo ,Jett ,SIN_TELEFONO ,IOSFA ,Verla ,Zeigler ,73-641-3487 ,oncologia_radioterapica
Blandine ,Jimenez ,SIN_TELEFONO ,Medicus ,Cecille ,Tapia ,19-906-2636 ,nefrologia
